id,Correo,Contacto,GÃ©nero,Fecha Nac.,Analisis Dengue,Fecha Analisis,Analisis Influenza,Analisis Covid,Edad
4,fstruan3@economist.com,230-161-9664,Male,2022-12-09,True,2024-04-22,,,2
5,pdavioud4@google.es,978-560-4608,Female,1967-09-29,False,2024-06-09,,,57
6,tmelsome5@parallels.com,104-526-5455,Female,1971-04-18,True,2024-05-30,,,53
7,ispinola6@privacy.gov.au,728-580-2562,Male,1981-11-27,True,2024-04-28,,,43
8,kpeagram7@apple.com,492-123-4300,Male,2002-10-04,False,2024-04-27,,,22
9,mpaddie8@dailymail.co.uk,597-658-7304,Female,1935-09-14,False,2024-04-03,,,89
12,pwardleb@upenn.edu,430-864-7781,Male,1981-04-27,True,2024-06-02,,,43
13,lglayzerc@ca.gov,762-444-4727,Male,1947-06-21,True,2024-06-09,,,77
14,cslimmed@webeden.co.uk,529-526-5245,Female,1979-12-31,True,2024-05-13,,,45
15,vgillorane@bandcamp.com,755-173-6688,Agender,1982-07-04,False,2024-06-13,,,42
16,aceaplenf@phpbb.com,520-283-8742,Female,1989-01-11,False,2024-06-19,,,35
17,kandrassyg@china.com.cn,235-863-1443,Female,1983-08-05,True,2024-04-07,,,41
18,atowndrowh@icq.com,422-788-7444,Male,2003-06-08,True,2024-04-11,,,21
19,dcordalli@eepurl.com,718-405-8345,Male,1932-02-20,True,2024-06-08,,,92
20,cbouldingj@typepad.com,194-704-3909,Female,1926-11-19,True,2024-05-15,,,98
21,celiezk@si.edu,516-653-0575,Male,1960-09-14,False,2024-04-14,,,64
22,cjanosl@nasa.gov,963-896-8789,Female,1925-04-23,True,2024-05-23,,,99
23,cdarkinm@geocities.jp,666-839-9845,Female,1929-09-22,True,2024-04-22,,,95
24,bstihln@nifty.com,900-493-7615,Bigender,1922-05-02,True,2024-05-14,,,102
26,rgainsefordp@google.es,566-130-5501,Genderqueer,1938-05-17,False,2024-05-06,,,86
27,efrankq@hatena.ne.jp,863-434-8685,Female,1966-12-04,False,2024-06-12,,,58
28,tgoldr@samsung.com,865-255-0707,Bigender,2016-01-17,True,2024-05-19,,,8
29,ssimpkins@psu.edu,368-330-4102,Genderqueer,1993-01-31,False,2024-04-29,,,31
31,kjewkesu@xing.com,245-706-1334,Female,1983-12-02,True,2024-05-22,,,41
33,mfencottw@biblegateway.com,971-634-4668,Female,1957-08-02,True,2024-05-08,,,67
34,gcobleighx@macromedia.com,890-966-3108,Female,1945-08-01,True,2024-06-14,,,79
35,dsembley@indiatimes.com,336-876-9687,Male,1980-05-14,False,2024-06-03,,,44
36,dandraultz@senate.gov,208-992-9931,Female,1984-04-24,True,2024-06-14,,,40
38,jbaxill11@hugedomains.com,958-201-4929,Female,1983-05-02,False,2024-04-17,,,41
39,bjorin12@mozilla.org,159-476-5615,Male,1977-02-24,False,2024-04-26,,,47
40,pchandlar13@networksolutions.com,662-478-7923,Male,1991-02-06,True,2024-04-26,,,33
41,lhugueville14@e-recht24.de,991-776-8803,Female,2000-08-26,True,2024-05-08,,,24
42,djoiner15@lycos.com,617-509-0030,Female,2017-04-08,True,2024-06-01,,,7
43,mburnell16@shop-pro.jp,648-452-3840,Male,2019-04-07,True,2024-04-12,,,5
44,mloosely17@elpais.com,395-236-7092,Female,1980-08-11,False,2024-05-28,,,44
45,smouan18@house.gov,101-429-8490,Female,1948-07-04,True,2024-04-01,,,76
46,jhaggie19@intel.com,336-709-9202,Female,1926-09-18,False,2024-04-08,,,98
47,dmoscon1a@comcast.net,568-169-1248,Female,1955-04-10,False,2024-04-26,,,69
48,jlowten1b@dailymotion.com,124-271-4957,Female,1958-07-06,True,2024-04-27,,,66
49,tbleibaum1c@imgur.com,918-741-0487,Female,2021-08-10,False,2024-04-24,,,3
50,egrunbaum1d@globo.com,386-483-1180,Female,2009-06-14,False,2024-04-05,,,15
51,rspendlove1e@omniture.com,710-743-6142,Male,1920-07-17,False,2024-05-06,,,104
53,asally1g@deliciousdays.com,603-914-9259,Female,1988-10-28,False,2024-04-21,,,36
54,mbeynon1h@live.com,174-573-7512,Female,1939-01-26,True,2024-06-01,,,85
55,adorking1i@java.com,181-353-9845,Female,1991-01-13,False,2024-05-10,,,33
56,acoppock1j@stanford.edu,908-126-1355,Male,1942-12-03,False,2024-04-13,,,82
57,ageorgelin1k@shutterfly.com,687-675-0385,Male,1957-11-05,True,2024-04-12,,,67
58,hmquharge1l@netscape.com,730-509-6137,Male,1945-09-11,False,2024-04-20,,,79
59,hhymans1m@nyu.edu,633-774-5924,Female,1989-02-25,False,2024-06-02,,,35
60,flecornu1n@4shared.com,639-947-7204,Male,2014-06-14,False,2024-05-23,,,10
61,tgermaine1o@phoca.cz,955-702-4554,Male,1969-03-01,False,2024-05-05,,,55
62,tjuhruke1p@hibu.com,816-923-4775,Male,2009-10-11,True,2024-05-20,,,15
63,dcorbridge1q@dagondesign.com,290-339-2010,Female,2020-03-20,True,2024-06-17,,,4
64,aandrzejak1r@skype.com,481-846-2109,Polygender,1964-10-20,True,2024-04-30,,,60
65,kgoymer1s@npr.org,916-181-7536,Male,2022-04-07,False,2024-04-24,,,2
67,jgilcriest1u@homestead.com,961-308-7318,Female,1973-10-03,True,2024-06-11,,,51
68,gcannings1v@theglobeandmail.com,665-166-9148,Agender,2023-09-24,True,2024-05-02,,,1
70,dlambis1x@nps.gov,247-362-6888,Non-binary,1936-03-05,False,2024-04-01,,,88
71,loutright1y@scribd.com,392-863-8142,Female,2005-09-04,True,2024-05-20,,,19
72,mstaniland1z@dailymail.co.uk,662-873-2026,Female,1993-02-27,True,2024-05-22,,,31
73,smctrustey20@infoseek.co.jp,149-268-5046,Male,2007-12-25,False,2024-06-14,,,17
74,lcanizares21@google.com.br,301-866-6979,Polygender,1977-05-23,True,2024-05-21,,,47
75,kbranwhite22@taobao.com,654-935-2977,Female,1973-05-03,False,2024-06-01,,,51
78,dakehurst25@networksolutions.com,225-726-9577,Bigender,1940-09-17,False,2024-05-02,,,84
79,akobpac26@macromedia.com,565-360-9819,Male,1970-05-16,True,2024-05-31,,,54
80,jnehls27@oakley.com,826-660-9498,Female,1956-10-19,True,2024-05-30,,,68
82,edennerly29@aol.com,837-761-9106,Female,1992-01-22,False,2024-05-28,,,32
83,sdauber2a@dell.com,439-673-3451,Female,1934-12-26,False,2024-04-04,,,90
84,cjewett2b@macromedia.com,275-712-7902,Male,1936-04-03,False,2024-05-24,,,88
87,mmeardon2e@diigo.com,144-240-2289,Female,1947-07-11,True,2024-06-19,,,77
88,bferns2f@furl.net,885-216-9723,Male,1960-04-22,True,2024-05-19,,,64
89,gbendel2g@tuttocitta.it,353-720-4573,Female,2020-11-05,True,2024-04-21,,,4
90,pivett2h@ycombinator.com,978-370-7100,Male,1944-11-15,False,2024-06-04,,,80
91,tstieger2i@thetimes.co.uk,475-619-6663,Male,1978-04-05,True,2024-05-05,,,46
92,tfishbourne2j@simplemachines.org,276-411-2088,Male,1921-07-14,False,2024-06-12,,,103
93,rhansod2k@ca.gov,675-463-4069,Male,2021-09-18,True,2024-04-25,,,3
94,bcritoph2l@scribd.com,696-253-5567,Agender,1961-12-22,True,2024-05-29,,,63
96,pkubes2n@ebay.com,920-178-1876,Male,1962-11-23,False,2024-06-19,,,62
97,esailes2o@blogtalkradio.com,168-437-0883,Male,1950-12-28,False,2024-05-17,,,74
98,rjindrich2p@who.int,121-818-2512,Female,1923-03-21,False,2024-06-15,,,101
102,bdallewater2t@chronoengine.com,412-349-9300,Female,1994-12-04,False,2024-06-08,,,30
104,iyellowlees2v@barnesandnoble.com,810-691-5593,Female,1930-11-06,True,2024-05-07,,,94
107,chewes2y@shareasale.com,401-709-8741,Female,1960-12-13,False,2024-06-03,,,64
108,scodner2z@intel.com,972-718-8514,Female,2023-06-21,False,2024-05-17,,,1
109,gtoyne30@bbb.org,413-917-0915,Female,1920-05-11,False,2024-06-08,,,104
111,wcecere32@comcast.net,884-208-5736,Male,2009-03-04,True,2024-05-06,,,15
112,dlobley33@hostgator.com,576-129-9140,Male,1933-01-22,True,2024-04-12,,,91
113,rpetyankin34@ask.com,649-736-4805,Male,1951-10-25,False,2024-05-09,,,73
115,mwakelam36@friendfeed.com,338-693-6569,Female,1920-12-25,True,2024-05-24,,,104
116,scocklin37@admin.ch,650-986-3261,Female,1941-03-24,True,2024-04-05,,,83
118,areddlesden39@mail.ru,197-935-5698,Male,1924-05-07,False,2024-04-04,,,100
119,cchatt3a@wikispaces.com,480-793-1109,Male,1971-11-12,False,2024-05-26,,,53
120,gdalrymple3b@simplemachines.org,944-253-3745,Male,1948-04-11,True,2024-04-16,,,76
121,nguillou3c@reddit.com,703-172-2008,Agender,1976-10-28,False,2024-06-10,,,48
122,phickinbottom3d@pbs.org,152-676-6044,Female,1954-07-03,True,2024-06-09,,,70
123,mguiet3e@barnesandnoble.com,153-567-6879,Male,1946-04-18,False,2024-05-12,,,78
125,hbremmer3g@reverbnation.com,621-944-7080,Male,1937-12-09,False,2024-05-11,,,87
126,jtreagus3h@usgs.gov,904-375-4753,Female,1997-08-12,True,2024-05-17,,,27
127,predmire3i@reverbnation.com,593-367-6774,Male,1962-11-30,False,2024-05-28,,,62
128,stomlin3j@weather.com,764-830-8378,Female,1923-12-05,False,2024-06-11,,,101
130,ceve3l@vk.com,861-805-7623,Female,1979-05-03,True,2024-05-01,,,45
131,tmanchett3m@bbb.org,937-134-2043,Female,2010-09-29,True,2024-04-08,,,14
132,mmatzl3n@bandcamp.com,402-861-5109,Female,1963-04-23,True,2024-06-04,,,61
134,dblunden3p@sphinn.com,813-353-4082,Male,2008-09-14,True,2024-05-05,,,16
135,jhanselmann3q@google.cn,486-698-2546,Agender,2017-01-13,True,2024-06-14,,,7
137,inijs3s@timesonline.co.uk,370-712-3699,Female,1928-10-07,True,2024-06-12,,,96
138,lferraraccio3t@vistaprint.com,548-787-6362,Bigender,2008-05-12,False,2024-06-16,,,16
139,bvasyutichev3u@imgur.com,232-364-6762,Female,1958-05-04,False,2024-04-25,,,66
141,rfolkerts3w@hc360.com,191-503-8187,Female,2011-01-05,True,2024-05-25,,,13
142,ntestin3x@skyrock.com,319-146-7874,Female,2012-09-04,True,2024-05-19,,,12
144,cgreenslade3z@soundcloud.com,264-594-1709,Genderqueer,1943-12-13,False,2024-06-05,,,81
145,atournie40@goodreads.com,635-337-4705,Female,1931-02-14,True,2024-06-14,,,93
148,kminister43@pcworld.com,843-765-1088,Female,1978-05-28,True,2024-05-25,,,46
149,tpilbury44@liveinternet.ru,215-761-8914,Female,1980-03-09,True,2024-05-29,,,44
150,achampkins45@ocn.ne.jp,986-589-8217,Female,1968-03-21,True,2024-06-10,,,56
151,hmccheyne46@deviantart.com,777-752-7270,Male,1983-11-03,False,2024-04-24,,,41
152,kfassmann47@shinystat.com,854-798-7890,Female,1930-04-19,False,2024-04-27,,,94
153,igronauer48@so-net.ne.jp,239-763-0442,Female,1997-02-01,False,2024-04-10,,,27
155,emuzzullo4a@desdev.cn,767-816-6764,Female,2019-01-12,True,2024-05-14,,,5
156,elopez4b@csmonitor.com,821-924-1964,Male,1978-06-22,False,2024-05-02,,,46
157,cstannus4c@ask.com,333-149-1565,Female,1953-08-15,False,2024-04-15,,,71
158,cphizacklea4d@nyu.edu,588-969-6617,Female,1932-09-03,False,2024-04-20,,,92
160,lgrose4f@nymag.com,832-638-9910,Female,1946-01-20,True,2024-05-04,,,78
161,acapes4g@about.me,969-210-6250,Female,1959-11-10,True,2024-05-13,,,65
162,kboultwood4h@usda.gov,174-471-6374,Non-binary,1983-01-05,False,2024-05-22,,,41
163,cpollok4i@squidoo.com,589-246-4028,Non-binary,1992-08-25,True,2024-04-20,,,32
165,kgood4k@shareasale.com,253-310-5054,Male,2021-01-28,True,2024-06-08,,,3
167,btrusse4m@mediafire.com,804-138-3373,Male,2023-06-08,False,2024-04-05,,,1
169,qlovelock4o@shinystat.com,877-361-9204,Genderqueer,1963-11-11,False,2024-04-03,,,61
171,tbuggs4q@jigsy.com,416-175-5678,Female,2014-01-14,False,2024-04-24,,,10
172,ltweedell4r@printfriendly.com,119-482-5300,Female,1970-09-21,False,2024-04-15,,,54
173,lbrocklehurst4s@fda.gov,575-730-6059,Female,1996-04-18,True,2024-05-13,,,28
174,jmccarlie4t@skype.com,936-945-9434,Female,1987-09-15,False,2024-06-15,,,37
175,wvalencia4u@rediff.com,552-174-8332,Male,1951-01-17,False,2024-04-27,,,73
177,vmcgaugie4w@state.tx.us,732-375-8460,Female,1977-11-12,False,2024-06-16,,,47
178,iewers4x@parallels.com,845-480-6981,Male,1921-11-01,True,2024-05-22,,,103
180,rcallaby4z@wired.com,516-623-2788,Male,1948-02-11,True,2024-04-14,,,76
181,ncullabine50@imageshack.us,461-687-3322,Female,1971-08-24,True,2024-05-29,,,53
183,lstruan52@opensource.org,965-408-0217,Female,1982-01-04,True,2024-04-19,,,42
184,nemberton53@cargocollective.com,756-576-4590,Male,1987-06-21,False,2024-04-09,,,37
186,lcarncross55@slashdot.org,425-855-8242,Genderqueer,1921-09-02,True,2024-06-02,,,103
187,jcoan56@photobucket.com,218-190-5977,Female,1951-11-17,False,2024-06-14,,,73
188,atieman57@google.com,103-736-0499,Female,1944-08-12,False,2024-05-11,,,80
189,rbartoli58@de.vu,991-642-4458,Female,1980-09-28,True,2024-06-01,,,44
192,slaundon5b@abc.net.au,483-998-5686,Male,1961-12-16,False,2024-04-12,,,63
193,bphiller5c@dyndns.org,219-779-4435,Male,2018-11-25,False,2024-05-19,,,6
194,sdanielovitch5d@exblog.jp,925-394-2956,Female,2019-01-25,True,2024-05-04,,,5
195,vellson5e@github.com,736-421-3916,Female,2015-03-18,True,2024-06-17,,,9
197,jhickisson5g@ted.com,456-509-8616,Agender,2005-01-19,False,2024-05-06,,,19
198,klafranconi5h@merriam-webster.com,635-330-7423,Female,1990-02-07,True,2024-04-18,,,34
199,eabella5i@whitehouse.gov,296-114-1350,Male,2014-10-17,True,2024-05-24,,,10
200,amatisoff5j@de.vu,496-477-7254,Female,1991-07-07,False,2024-04-18,,,33
201,esmallacombe5k@engadget.com,522-625-1000,Female,1959-07-04,False,2024-04-05,,,65
203,tmcqueen5m@noaa.gov,791-757-0047,Polygender,1977-05-16,False,2024-04-14,,,47
204,brosone5n@newyorker.com,484-939-3699,Male,2017-07-13,False,2024-05-24,,,7
206,asleit5p@walmart.com,566-631-8759,Male,1935-09-11,True,2024-04-22,,,89
207,njeffryes5q@ibm.com,669-912-0220,Male,1959-07-26,False,2024-04-13,,,65
208,dsiseland5r@example.com,216-723-3940,Male,2006-02-12,True,2024-05-11,,,18
210,tdudson5t@multiply.com,866-869-6393,Male,1931-08-25,False,2024-04-20,,,93
211,agillinghams5u@dedecms.com,522-950-3426,Male,1934-09-05,True,2024-06-04,,,90
213,bashburne5w@skype.com,660-266-5611,Female,2011-07-16,True,2024-04-13,,,13
214,hpardey5x@nationalgeographic.com,213-429-2677,Male,1922-04-17,True,2024-05-17,,,102
215,hcaile5y@nbcnews.com,219-212-8087,Female,1930-11-09,True,2024-04-18,,,94
218,wwillcox61@theatlantic.com,886-521-1180,Male,1953-12-09,False,2024-05-15,,,71
222,dgryglewski65@goodreads.com,124-425-1789,Male,1942-01-01,True,2024-06-17,,,82
223,cbontein66@goo.ne.jp,279-166-4612,Male,1999-02-10,False,2024-06-08,,,25
226,hsouten69@deviantart.com,591-896-4462,Female,1948-05-05,True,2024-06-06,,,76
229,ifavell6c@si.edu,997-196-9383,Female,1967-07-11,True,2024-05-02,,,57
231,mvieyra6e@geocities.jp,620-939-3785,Female,2010-08-17,False,2024-04-27,,,14
233,ebech6g@yellowbook.com,941-901-9524,Male,1940-04-22,True,2024-06-13,,,84
234,sforman6h@weebly.com,401-471-7416,Female,2005-03-07,True,2024-04-16,,,19
235,akonerding6i@about.me,393-786-4736,Female,1978-06-24,True,2024-05-24,,,46
237,imorfey6k@aol.com,987-958-3691,Female,1978-03-10,True,2024-05-18,,,46
241,shaxby6o@creativecommons.org,360-637-6965,Male,1952-09-17,True,2024-04-07,,,72
242,handreone6p@de.vu,947-968-0192,Male,1982-07-08,True,2024-04-01,,,42
243,gerbain6q@github.io,730-248-4386,Male,2010-07-07,False,2024-04-03,,,14
245,ckilgour6s@google.it,387-840-5036,Female,1999-10-02,False,2024-04-14,,,25
246,cpaal6t@digg.com,278-983-6430,Female,1951-07-26,True,2024-05-13,,,73
247,phowland6u@techcrunch.com,734-535-4915,Male,2023-08-19,False,2024-05-22,,,1
248,tibbison6v@t.co,196-943-1098,Female,1968-02-26,False,2024-05-20,,,56
249,fbowcock6w@hexun.com,303-521-6880,Male,2000-09-23,False,2024-05-28,,,24
250,rcodeman6x@hp.com,696-324-0999,Male,1998-10-28,True,2024-05-12,,,26
251,afere6y@1und1.de,932-986-3218,Female,1947-09-11,True,2024-05-30,,,77
252,aoloughane6z@sciencedirect.com,947-199-3699,Female,1954-01-01,False,2024-06-16,,,70
254,kbelfitt71@squidoo.com,395-636-0145,Female,1936-04-26,False,2024-05-28,,,88
256,pmacgarvey73@moonfruit.com,832-141-8120,Male,1942-12-31,True,2024-04-20,,,82
257,gfoard74@slashdot.org,504-191-2167,Male,2017-08-30,True,2024-06-04,,,7
258,sgoretti75@bigcartel.com,845-428-0019,Male,1976-06-09,True,2024-04-28,,,48
259,mmccloughlin76@bloglines.com,137-680-6930,Female,1983-10-17,False,2024-04-05,,,41
260,vetchingham77@cornell.edu,805-884-6560,Male,2016-05-06,False,2024-04-14,,,8
261,asweeny78@hud.gov,492-201-7424,Female,1953-12-05,True,2024-05-05,,,71
262,lbrigden79@biblegateway.com,219-361-2183,Female,2000-10-10,True,2024-05-25,,,24
263,cdraco7a@theatlantic.com,231-559-0211,Male,2007-09-27,True,2024-06-05,,,17
264,creddie7b@cloudflare.com,216-723-2601,Female,1970-11-03,True,2024-06-02,,,54
265,omcgarrity7c@tuttocitta.it,920-172-8417,Male,1985-09-23,False,2024-05-28,,,39
266,sjahncke7d@squidoo.com,582-978-1092,Polygender,2007-08-06,False,2024-06-15,,,17
267,clinde7e@bing.com,933-305-3720,Male,2019-12-04,True,2024-04-01,,,5
273,rbraycotton7k@bloglines.com,532-895-9958,Female,1937-05-25,True,2024-04-26,,,87
275,zors7m@independent.co.uk,651-297-5890,Polygender,1973-04-28,False,2024-05-31,,,51
277,lyegorchenkov7o@fema.gov,895-302-0998,Female,2014-01-10,True,2024-05-02,,,10
279,dpadden7q@kickstarter.com,789-358-1002,Female,1998-09-18,True,2024-05-28,,,26
281,owagerfield7s@delicious.com,255-644-1647,Male,1966-07-02,True,2024-05-25,,,58
282,acowell7t@sfgate.com,768-716-9103,Non-binary,1986-12-28,False,2024-04-15,,,38
283,gscandred7u@reference.com,927-377-9545,Female,1934-09-12,False,2024-04-08,,,90
284,fmaddaford7v@shop-pro.jp,717-540-5823,Male,1997-05-18,True,2024-05-11,,,27
285,vary7w@feedburner.com,118-562-0500,Female,1941-12-31,True,2024-05-16,,,83
288,dswayne7z@t-online.de,839-976-8228,Female,1991-09-16,False,2024-05-05,,,33
290,lwildin81@amazon.de,952-999-7595,Genderfluid,2022-12-27,True,2024-04-18,,,2
291,ieuston82@live.com,715-817-2168,Female,1940-02-17,False,2024-04-01,,,84
292,cbus83@liveinternet.ru,226-694-3545,Female,2012-06-24,False,2024-04-03,,,12
293,sbriscam84@networkadvertising.org,527-540-1156,Male,2021-09-08,True,2024-06-16,,,3
294,etelfer85@deviantart.com,796-427-6907,Female,1975-08-28,True,2024-04-09,,,49
295,amcniff86@jiathis.com,846-840-2607,Female,2001-05-25,True,2024-06-01,,,23
296,mwillcock87@usatoday.com,347-499-7234,Male,1939-12-12,True,2024-05-22,,,85
297,kgetten88@hexun.com,736-897-2769,Female,1928-04-25,False,2024-05-22,,,96
298,bperel89@google.ca,892-716-1573,Non-binary,2012-09-13,False,2024-04-05,,,12
299,dassandri8a@booking.com,332-706-3684,Polygender,2020-04-08,True,2024-04-25,,,4
300,eturbill8b@so-net.ne.jp,897-930-3072,Female,1937-04-28,False,2024-04-02,,,87
2,ggascard1@sohu.com,202-117-6377,Male,2013-09-10,,2024-05-04,False,,11
3,achadwin2@mozilla.org,621-868-3002,Male,1987-10-11,,2024-04-02,False,,37
4,dhanselman3@ucoz.com,773-781-4146,Female,2006-09-17,,2024-06-07,True,,18
5,ecarthy4@wikimedia.org,521-446-5658,Female,1972-11-10,,2024-04-27,True,,52
6,fbellie5@yelp.com,889-200-0695,Non-binary,1956-02-18,,2024-05-10,True,,68
7,bpengelly6@wikia.com,102-235-5425,Male,1993-05-01,,2024-04-27,True,,31
8,bwellman7@yellowbook.com,910-468-9669,Female,1934-06-18,,2024-04-14,True,,90
9,rmaynell8@independent.co.uk,508-305-4862,Male,1940-01-25,,2024-06-15,True,,84
10,rtonnesen9@google.ca,392-630-6008,Male,1994-11-10,,2024-04-10,False,,30
11,jfernsa@gravatar.com,992-423-3617,Male,1994-01-18,,2024-04-02,True,,30
12,ahanmerb@ted.com,185-567-1105,Female,1923-11-28,,2024-04-22,True,,101
15,spochone@squidoo.com,896-561-8331,Female,1925-03-11,,2024-04-02,True,,99
17,tspitellg@blogtalkradio.com,339-762-6579,Female,1996-09-23,,2024-05-19,True,,28
19,zspaciei@yahoo.com,810-549-2576,Female,1962-09-09,,2024-04-11,True,,62
21,eantonomolik@fda.gov,729-654-6375,Male,1964-12-08,,2024-04-29,False,,60
24,jkimminsn@e-recht24.de,330-483-2604,Female,1921-08-28,,2024-05-23,True,,103
25,betheringtono@macromedia.com,774-303-0727,Female,1992-03-01,,2024-04-19,True,,32
26,ypedderp@exblog.jp,942-915-3882,Male,1933-06-21,,2024-04-10,False,,91
27,cmussoliniq@squarespace.com,308-510-3309,Male,2006-08-21,,2024-04-30,False,,18
29,fpenkethmans@wordpress.com,127-357-8378,Non-binary,1968-04-12,,2024-05-17,True,,56
30,ifawlot@go.com,806-463-5150,Male,1935-10-26,,2024-04-21,True,,89
31,bmadillu@mayoclinic.com,559-388-4481,Male,1966-04-11,,2024-04-03,False,,58
32,bjancv@businessinsider.com,161-792-8925,Male,1974-06-09,,2024-04-08,False,,50
33,lkalinskyw@auda.org.au,862-742-6148,Female,1999-04-08,,2024-06-04,False,,25
34,abrendex@yolasite.com,928-727-2689,Genderqueer,1954-10-04,,2024-05-11,True,,70
36,bfownesz@bluehost.com,127-305-6106,Male,1928-05-21,,2024-04-29,True,,96
37,gnetherclift10@soup.io,470-371-8267,Female,1991-05-10,,2024-05-11,False,,33
38,breeks11@reverbnation.com,418-498-6793,Female,1990-02-28,,2024-06-15,False,,34
39,gvane12@paginegialle.it,734-221-3942,Female,1963-05-18,,2024-05-30,True,,61
40,lmacelroy13@dedecms.com,960-718-3625,Female,1966-02-12,,2024-06-08,True,,58
42,ncolthard15@walmart.com,365-757-5032,Female,2016-09-25,,2024-05-08,True,,8
44,rlineham17@forbes.com,789-382-7833,Male,1968-10-30,,2024-06-06,True,,56
45,esirey18@bloglines.com,377-404-0155,Male,1968-08-02,,2024-06-14,True,,56
47,aedgcumbe1a@tiny.cc,906-398-4043,Female,1963-11-07,,2024-04-20,False,,61
48,dgurr1b@umich.edu,365-102-4699,Female,1927-05-21,,2024-04-21,True,,97
50,akendrick1d@unc.edu,561-868-2849,Female,1925-12-08,,2024-05-26,True,,99
51,clarret1e@w3.org,979-325-7750,Female,1932-06-22,,2024-05-10,True,,92
52,gteape1f@bigcartel.com,546-313-9001,Male,2001-11-11,,2024-05-28,False,,23
55,pwalley1i@t.co,532-348-7505,Male,1954-08-23,,2024-04-11,False,,70
56,mboram1j@1688.com,670-467-6088,Male,2006-01-21,,2024-04-28,False,,18
57,lsimnell1k@umn.edu,516-707-7506,Female,2015-11-09,,2024-04-05,True,,9
58,mpomeroy1l@admin.ch,674-328-4471,Female,1955-10-03,,2024-06-03,False,,69
59,lambrosio1m@apple.com,187-597-5877,Female,1956-02-29,,2024-06-02,True,,68
61,obortolozzi1o@nationalgeographic.com,339-640-5569,Male,1924-09-04,,2024-04-09,False,,100
63,lcostigan1q@mac.com,322-827-2054,Male,1999-06-14,,2024-05-31,True,,25
65,lwestwater1s@yellowbook.com,582-462-2972,Genderqueer,1971-10-09,,2024-04-14,True,,53
66,cwardroper1t@vinaora.com,998-654-3240,Female,2002-07-18,,2024-05-28,False,,22
69,cdavaux1w@home.pl,854-465-3337,Non-binary,1970-06-17,,2024-05-29,True,,54
70,pstansbury1x@marketwatch.com,518-799-8304,Female,2002-08-02,,2024-04-11,True,,22
72,efechnie1z@globo.com,782-521-9283,Female,1957-10-04,,2024-04-15,True,,67
73,kharhoff20@booking.com,727-584-5306,Male,1976-06-03,,2024-05-13,False,,48
75,gseniour22@e-recht24.de,138-589-1012,Male,1986-03-24,,2024-04-20,True,,38
77,abartolacci24@jiathis.com,898-914-7772,Female,1970-04-23,,2024-06-08,True,,54
78,tbouette25@earthlink.net,838-509-6808,Genderfluid,1925-09-17,,2024-05-19,True,,99
79,ofetherston26@geocities.jp,757-412-0131,Female,1967-07-24,,2024-06-08,True,,57
81,lpymm28@about.com,300-984-9114,Female,2013-04-07,,2024-05-17,True,,11
82,bofen29@angelfire.com,129-132-9402,Female,1968-07-08,,2024-06-07,False,,56
84,rrugieri2b@joomla.org,714-651-8705,Male,1994-11-09,,2024-04-24,False,,30
85,mshillabeare2c@seattletimes.com,936-415-5710,Male,2009-03-29,,2024-04-02,True,,15
87,cbeatty2e@google.cn,377-319-9873,Female,1987-01-24,,2024-04-02,False,,37
88,dslegg2f@devhub.com,738-679-8533,Male,1960-10-03,,2024-06-09,False,,64
89,dhaycraft2g@odnoklassniki.ru,867-147-1021,Male,2019-05-20,,2024-06-17,True,,5
91,fcarder2i@discuz.net,300-878-0889,Female,1966-07-23,,2024-05-15,False,,58
93,apenvarden2k@w3.org,264-340-7248,Female,2022-08-24,,2024-06-12,False,,2
96,uandrzejak2n@cyberchimps.com,396-839-0576,Male,1992-07-02,,2024-05-01,True,,32
97,rgaunson2o@sciencedaily.com,923-768-7705,Male,2001-05-10,,2024-05-15,True,,23
98,aaronoff2p@rambler.ru,997-830-1416,Female,2001-12-13,,2024-04-22,False,,23
99,bmosdell2q@php.net,688-489-4187,Male,1938-11-05,,2024-04-25,True,,86
100,tsergean2r@google.ca,378-672-5508,Female,1924-05-10,,2024-04-05,True,,100
101,jlippi2s@loc.gov,987-909-2396,Female,2014-09-02,,2024-04-22,False,,10
102,ering2t@opera.com,139-430-9128,Female,1936-06-01,,2024-06-12,False,,88
104,aspink2v@telegraph.co.uk,632-849-2145,Male,1963-01-18,,2024-06-12,False,,61
105,acannon2w@nature.com,963-924-2160,Female,1942-10-05,,2024-05-05,False,,82
106,bkettridge2x@google.de,829-943-8503,Male,1932-04-13,,2024-06-16,True,,92
107,milyenko2y@skype.com,844-314-1115,Female,1923-09-15,,2024-06-01,False,,101
110,panyene31@seesaa.net,820-425-0257,Female,1966-10-09,,2024-05-24,True,,58
111,dschule32@patch.com,241-791-2970,Male,2022-12-10,,2024-05-05,False,,2
112,bmeeks33@people.com.cn,504-951-1654,Genderfluid,1986-06-05,,2024-05-23,False,,38
113,cbiggans34@youtube.com,502-576-4153,Female,1931-09-07,,2024-04-27,True,,93
114,jjerrems35@europa.eu,587-793-6134,Female,1928-10-04,,2024-05-19,False,,96
117,dwondraschek38@ow.ly,640-208-9878,Female,1939-04-17,,2024-05-03,False,,85
118,dorro39@photobucket.com,556-480-4382,Male,1991-10-01,,2024-06-03,False,,33
120,aforst3b@guardian.co.uk,752-177-7931,Male,1954-09-04,,2024-06-07,False,,70
122,elatter3d@infoseek.co.jp,336-287-9398,Female,1923-07-10,,2024-04-10,False,,101
123,bbakhrushkin3e@wordpress.com,718-518-6252,Male,2003-10-16,,2024-05-03,True,,21
124,jhakeworth3f@bandcamp.com,610-643-0464,Female,2014-11-27,,2024-04-06,True,,10
126,lcereceres3h@apache.org,560-683-8332,Female,1980-07-02,,2024-05-09,True,,44
127,hbruinsma3i@answers.com,565-724-0526,Female,1940-04-21,,2024-05-28,False,,84
128,bheathcott3j@soundcloud.com,281-678-0102,Male,1940-10-09,,2024-05-25,False,,84
129,aclaydon3k@tiny.cc,694-856-8404,Male,2003-03-04,,2024-05-21,True,,21
130,ffowle3l@usa.gov,968-825-5326,Genderqueer,1945-08-17,,2024-05-05,True,,79
131,mflagg3m@free.fr,937-631-4918,Female,1948-11-26,,2024-05-19,True,,76
132,gbayns3n@jalbum.net,494-702-3679,Male,1939-12-31,,2024-05-10,True,,85
135,fmccrisken3q@ucoz.com,920-847-9108,Female,1961-03-24,,2024-06-10,True,,63
136,jbezants3r@storify.com,266-640-0416,Non-binary,1925-07-11,,2024-06-03,True,,99
137,arosenbloom3s@sfgate.com,371-139-1916,Male,1968-03-08,,2024-05-07,False,,56
138,gmarder3t@angelfire.com,803-960-2756,Non-binary,1964-01-25,,2024-06-16,False,,60
139,ibetham3u@angelfire.com,482-992-8865,Female,2002-06-08,,2024-06-15,True,,22
140,bgligorijevic3v@skyrock.com,640-173-7016,Male,1978-10-16,,2024-04-19,False,,46
144,sstoll3z@oakley.com,540-840-1710,Male,1932-07-01,,2024-05-06,True,,92
145,rparkisson40@cargocollective.com,372-959-0627,Female,1951-04-27,,2024-05-21,True,,73
146,nmckane41@narod.ru,334-583-3181,Male,2003-06-21,,2024-04-16,False,,21
147,bmcilhone42@ibm.com,211-437-0255,Male,1955-06-13,,2024-05-02,True,,69
149,sfarady44@admin.ch,978-289-8259,Female,1953-04-02,,2024-06-19,True,,71
151,frops46@diigo.com,617-528-6117,Female,1989-11-07,,2024-04-30,False,,35
152,maikenhead47@dion.ne.jp,743-802-5996,Female,2012-05-23,,2024-04-18,True,,12
154,gsambeck49@google.fr,538-774-4510,Female,1922-06-22,,2024-05-30,True,,102
155,dcrampsy4a@myspace.com,156-596-1354,Female,1957-12-12,,2024-06-09,False,,67
156,jbittlestone4b@kickstarter.com,714-263-8337,Male,1951-11-14,,2024-04-09,False,,73
158,tstebles4d@stanford.edu,669-734-8764,Male,1983-07-27,,2024-05-03,False,,41
159,kavrahamy4e@fastcompany.com,231-233-4535,Male,1982-10-12,,2024-04-20,False,,42
160,afeasby4f@nasa.gov,890-444-9996,Bigender,2018-11-27,,2024-05-21,False,,6
161,lspurling4g@goodreads.com,986-843-9098,Genderqueer,1960-12-04,,2024-04-22,True,,64
163,cwhapple4i@scribd.com,651-143-3783,Female,2020-04-23,,2024-04-10,False,,4
164,sdeambrosi4j@istockphoto.com,569-319-8468,Female,1954-10-23,,2024-04-05,True,,70
165,awarden4k@php.net,636-827-4331,Female,1996-03-26,,2024-04-07,False,,28
166,acrady4l@bandcamp.com,994-337-2861,Female,1996-08-03,,2024-06-05,True,,28
167,fpiotrkowski4m@ycombinator.com,983-894-8840,Male,1985-11-07,,2024-06-01,False,,39
168,jcrossman4n@ebay.com,792-285-6832,Female,1954-10-03,,2024-06-20,True,,70
170,tshama4p@icq.com,505-982-9391,Male,2022-11-26,,2024-04-29,False,,2
171,abrabin4q@hexun.com,664-995-5043,Female,2017-06-06,,2024-04-07,True,,7
172,biannelli4r@php.net,301-367-2796,Agender,1969-07-07,,2024-04-23,True,,55
173,achatin4s@ucsd.edu,775-311-6879,Female,2022-10-12,,2024-05-07,True,,2
174,gyesson4t@businesswire.com,867-268-8816,Female,1923-03-31,,2024-04-03,True,,101
175,wborrie4u@domainmarket.com,429-863-4190,Male,2001-03-18,,2024-04-29,False,,23
177,cpenylton4w@independent.co.uk,795-823-4763,Female,1982-10-01,,2024-04-08,False,,42
181,eelgie50@chronoengine.com,294-941-3514,Male,1924-01-24,,2024-06-14,True,,100
182,hsudran51@quantcast.com,721-752-3676,Male,1967-06-30,,2024-05-01,False,,57
183,ndespenser52@timesonline.co.uk,477-250-9324,Male,1955-09-10,,2024-05-08,False,,69
184,brhymes53@1688.com,405-739-3194,Male,2015-01-22,,2024-05-13,True,,9
186,hgoodbarr55@cdbaby.com,665-635-8526,Bigender,1971-06-08,,2024-06-12,False,,53
187,jrankine56@yolasite.com,487-868-2036,Male,1976-03-07,,2024-04-27,False,,48
188,hmcvaugh57@princeton.edu,916-768-7778,Male,1971-06-12,,2024-05-06,True,,53
189,ghilland58@123-reg.co.uk,184-521-2848,Male,2016-07-24,,2024-04-19,True,,8
190,tmedeway59@behance.net,539-526-5859,Female,1978-10-08,,2024-05-24,True,,46
191,mevelyn5a@statcounter.com,953-175-1704,Female,1949-06-06,,2024-04-15,False,,75
192,rgrenkov5b@pagesperso-orange.fr,485-291-9736,Male,2007-04-29,,2024-06-18,True,,17
194,tradke5d@furl.net,303-805-3831,Male,1985-05-16,,2024-04-09,False,,39
195,tcroux5e@yahoo.co.jp,281-348-8551,Male,1999-06-03,,2024-04-24,True,,25
196,glouca5f@tinypic.com,576-263-5069,Male,1974-03-29,,2024-04-07,True,,50
197,bensten5g@un.org,870-446-6672,Male,2008-01-08,,2024-05-04,True,,16
198,mfitzgibbon5h@google.ru,687-317-5692,Male,2000-02-01,,2024-04-10,True,,24
199,rdarque5i@weather.com,463-968-7651,Female,1925-02-20,,2024-04-27,True,,99
200,acluett5j@patch.com,659-453-4640,Female,1922-09-01,,2024-05-15,True,,102
201,noldmeadow5k@canalblog.com,786-887-6529,Genderqueer,1978-03-15,,2024-05-28,False,,46
202,rjanouch5l@hhs.gov,877-974-7990,Male,1941-07-22,,2024-06-09,True,,83
203,tbithany5m@surveymonkey.com,212-329-0304,Female,1990-01-28,,2024-04-12,False,,34
204,gcorsor5n@live.com,302-603-5538,Female,1969-01-15,,2024-04-30,False,,55
207,fdunston5q@yahoo.co.jp,552-439-2036,Female,2013-10-18,,2024-05-28,True,,11
208,cworsfield5r@domainmarket.com,326-332-6885,Non-binary,1995-12-12,,2024-04-10,True,,29
210,rwhitemarsh5t@storify.com,107-161-2853,Male,1979-10-05,,2024-05-27,False,,45
211,esaul5u@w3.org,470-746-7000,Female,1977-12-21,,2024-06-05,False,,47
213,liskow5w@sphinn.com,779-246-0866,Female,1983-08-11,,2024-04-07,False,,41
214,mbentke5x@squidoo.com,147-485-8302,Female,2023-05-08,,2024-04-17,True,,1
215,hfenck5y@163.com,670-700-3800,Male,2004-04-21,,2024-04-23,True,,20
216,swyman5z@dion.ne.jp,624-115-1603,Male,1936-04-22,,2024-05-15,True,,88
218,mgohier61@about.me,837-934-4984,Male,1967-04-23,,2024-05-22,True,,57
219,mhebburn62@hatena.ne.jp,509-599-1050,Male,1989-12-13,,2024-06-06,False,,35
220,gwannes63@senate.gov,170-237-1097,Male,1991-07-04,,2024-05-28,True,,33
221,emcaughtry64@tuttocitta.it,499-854-4491,Female,1994-02-23,,2024-04-03,False,,30
223,livell66@studiopress.com,323-699-4180,Female,1959-05-28,,2024-06-01,True,,65
224,jfellon67@prnewswire.com,901-717-2160,Female,1970-12-02,,2024-04-28,False,,54
227,iadran6a@ed.gov,962-963-0213,Female,2015-11-26,,2024-06-03,True,,9
228,gmeiningen6b@theguardian.com,424-946-0563,Male,2004-06-29,,2024-06-17,True,,20
230,agourley6d@unicef.org,713-317-5734,Male,1942-07-30,,2024-06-20,False,,82
231,jvesco6e@gov.uk,617-297-1023,Female,1935-12-14,,2024-05-23,False,,89
232,oharhoff6f@reference.com,133-693-9952,Male,1988-08-11,,2024-04-19,False,,36
233,hfeldmann6g@purevolume.com,249-472-0025,Male,1982-11-14,,2024-06-03,False,,42
234,rantczak6h@fda.gov,342-823-5539,Polygender,1990-12-12,,2024-05-21,True,,34
235,rdavidy6i@amazon.de,423-584-4208,Male,1955-11-06,,2024-06-03,False,,69
236,mbearsmore6j@examiner.com,308-973-6263,Female,2016-01-04,,2024-06-09,False,,8
238,wroydon6l@opera.com,284-934-8464,Female,1972-07-14,,2024-05-11,True,,52
239,bdron6m@miibeian.gov.cn,876-399-5451,Male,1969-03-13,,2024-06-15,False,,55
240,odeluce6n@nymag.com,472-658-0760,Male,2017-01-20,,2024-05-24,True,,7
241,etichelaar6o@nytimes.com,161-493-5379,Male,1936-01-12,,2024-06-01,False,,88
245,wmcdermott6s@yahoo.com,123-746-0236,Male,1976-08-30,,2024-04-22,True,,48
246,jashbee6t@noaa.gov,461-383-0994,Male,1958-10-21,,2024-06-06,True,,66
247,mbraidwood6u@sphinn.com,696-379-5191,Polygender,1929-03-18,,2024-05-18,True,,95
248,mtarrant6v@canalblog.com,757-150-7101,Female,2022-12-11,,2024-05-03,True,,2
249,gspilisy6w@de.vu,152-340-0807,Male,2001-06-21,,2024-06-12,False,,23
250,eunworth6x@dailymotion.com,609-125-9238,Female,1956-05-04,,2024-06-07,False,,68
251,cballentime6y@storify.com,550-614-8238,Female,1955-02-16,,2024-05-04,False,,69
252,jjozsef6z@people.com.cn,455-570-0995,Male,1945-06-15,,2024-05-17,True,,79
253,pklimsch70@gnu.org,622-932-7420,Female,1994-05-13,,2024-04-04,True,,30
257,lbrereton74@jigsy.com,509-871-9008,Female,1921-05-01,,2024-05-27,False,,103
258,fmclurg75@jugem.jp,915-253-3321,Male,1939-04-19,,2024-04-30,True,,85
259,lpryce76@networksolutions.com,554-777-7095,Male,2011-10-28,,2024-04-04,False,,13
260,rost77@imageshack.us,828-309-7015,Polygender,1921-09-21,,2024-05-12,True,,103
262,kboice79@unc.edu,836-818-0660,Female,1941-07-04,,2024-06-19,False,,83
264,hclendinning7b@jimdo.com,120-505-8963,Male,1941-11-28,,2024-04-30,False,,83
265,lbeaman7c@craigslist.org,495-727-1620,Female,1960-12-31,,2024-06-03,True,,64
266,parmatys7d@parallels.com,120-911-8417,Male,1962-04-06,,2024-06-06,True,,62
267,jratledge7e@posterous.com,697-388-4088,Male,2017-06-03,,2024-04-14,True,,7
268,cseton7f@mashable.com,248-721-3446,Female,1992-05-26,,2024-04-11,False,,32
269,rmcdermottrow7g@rediff.com,949-384-9697,Male,1958-03-24,,2024-06-01,True,,66
270,rspykins7h@loc.gov,214-569-4302,Female,2022-12-21,,2024-04-11,True,,2
271,msurpliss7i@comcast.net,640-879-6041,Female,1938-04-19,,2024-04-07,True,,86
272,ztuckey7j@dedecms.com,348-955-2404,Male,2006-07-27,,2024-05-07,True,,18
274,jgollin7l@zdnet.com,701-578-9465,Female,1992-03-28,,2024-04-30,True,,32
275,mstading7m@prweb.com,936-439-0701,Male,1995-04-02,,2024-06-14,False,,29
276,mbiasotti7n@wired.com,618-849-6469,Female,1966-02-20,,2024-05-07,True,,58
277,amount7o@state.tx.us,326-566-3975,Female,1944-10-16,,2024-05-21,False,,80
278,tpavlenko7p@samsung.com,490-440-2358,Male,1968-12-24,,2024-04-12,False,,56
279,tbrader7q@foxnews.com,457-808-8597,Male,1969-06-01,,2024-05-24,True,,55
281,rnaris7s@businesswire.com,266-701-7070,Agender,1932-06-30,,2024-04-27,True,,92
282,maskell7t@illinois.edu,309-612-6123,Female,1962-03-04,,2024-04-16,False,,62
283,cshimuk7u@jugem.jp,663-658-6900,Male,1963-03-19,,2024-05-21,False,,61
284,ohowgego7v@tumblr.com,772-504-4306,Female,1981-06-24,,2024-04-27,True,,43
286,fperrigo7x@w3.org,452-610-0961,Male,1947-06-28,,2024-05-20,False,,77
287,gwatsham7y@answers.com,437-652-2177,Male,1993-03-21,,2024-04-20,False,,31
290,cpitcock81@microsoft.com,745-240-1416,Male,1945-08-24,,2024-04-13,True,,79
291,wstolze82@hubpages.com,576-669-4262,Polygender,1980-09-06,,2024-04-28,True,,44
292,wcapenor83@hostgator.com,848-268-2836,Female,1977-08-15,,2024-06-09,False,,47
293,rmccamish84@java.com,618-863-5386,Male,1952-09-18,,2024-05-03,True,,72
294,gfery85@youtu.be,113-807-9685,Female,1957-12-02,,2024-04-05,False,,67
295,rmockler86@aol.com,579-183-3160,Female,1961-09-15,,2024-04-28,True,,63
296,sbearcroft87@springer.com,255-534-2294,Male,1945-06-03,,2024-05-03,True,,79
297,esigert88@yahoo.com,515-115-3221,Male,1924-10-22,,2024-05-11,True,,100
299,mriggulsford8a@studiopress.com,812-186-6005,Female,1959-01-20,,2024-05-22,True,,65
300,mtruse8b@etsy.com,598-981-5553,Female,1964-06-08,,2024-05-10,True,,60
1,jduggen0@typepad.com,733-398-0200,Female,1939-12-21,,2024-06-10,,False,85
3,bpostans2@sogou.com,341-926-5469,Male,1997-05-19,,2024-04-07,,True,27
4,wdory3@vistaprint.com,269-327-9957,Female,1955-11-03,,2024-05-29,,False,69
5,ebriar4@parallels.com,621-836-1575,Female,1973-12-26,,2024-04-17,,True,51
6,dstearley5@economist.com,319-745-1460,Genderqueer,1997-08-03,,2024-05-21,,True,27
8,alundberg7@cyberchimps.com,464-809-3088,Female,1947-08-30,,2024-05-24,,False,77
9,zbunclark8@yelp.com,955-419-4798,Female,1935-04-11,,2024-05-05,,False,89
12,klownsbroughb@kickstarter.com,262-141-7954,Female,1948-02-21,,2024-04-12,,True,76
13,mspearsc@nhs.uk,552-201-7827,Female,1935-03-01,,2024-04-08,,False,89
15,dheale@huffingtonpost.com,971-843-7912,Male,1996-12-28,,2024-05-29,,False,28
17,tmckelvieg@mayoclinic.com,980-367-4606,Female,2019-04-16,,2024-05-24,,False,5
18,sbuckinghamh@bluehost.com,314-325-0455,Male,1982-12-18,,2024-05-20,,False,42
19,rtunstalli@boston.com,811-188-7894,Male,1977-07-14,,2024-04-21,,True,47
20,eiannij@wikimedia.org,730-171-9092,Male,2014-10-09,,2024-05-26,,True,10
21,cbeloek@pbs.org,621-311-9704,Genderqueer,1947-12-19,,2024-04-06,,False,77
22,bpinockl@cnet.com,229-205-2456,Female,1975-04-09,,2024-04-30,,True,49
23,mlafranconim@rediff.com,739-302-6569,Genderqueer,1937-08-07,,2024-06-14,,False,87
24,rscholten@indiatimes.com,938-587-3017,Genderqueer,1958-05-21,,2024-05-05,,True,66
25,mshotboulteo@zdnet.com,520-221-9956,Female,1930-03-12,,2024-04-21,,True,94
26,jjamrowiczp@feedburner.com,354-899-2684,Male,2006-03-08,,2024-06-01,,False,18
27,hbrasq@hud.gov,932-806-2441,Male,1979-09-13,,2024-05-28,,True,45
28,mbottellr@paginegialle.it,752-366-5557,Female,1943-03-02,,2024-05-24,,True,81
29,fcornillots@chicagotribune.com,355-957-6939,Male,2010-02-01,,2024-05-11,,True,14
33,pdibdalew@clickbank.net,264-938-8037,Female,1973-05-13,,2024-06-04,,False,51
34,ppellamonutenx@weibo.com,591-436-9532,Male,2017-01-25,,2024-04-19,,False,7
36,sriellyz@unesco.org,841-104-4075,Male,1924-07-24,,2024-05-23,,False,100
37,ehinckley10@fda.gov,918-421-7505,Female,1951-03-06,,2024-05-24,,False,73
38,ahanstock11@netvibes.com,345-485-3696,Female,1931-08-19,,2024-05-30,,True,93
39,gparmby12@bigcartel.com,144-557-8645,Male,1936-12-19,,2024-06-12,,False,88
41,jhoggin14@arstechnica.com,966-809-3008,Male,1965-12-31,,2024-05-26,,False,59
42,rbryant15@dyndns.org,154-918-3922,Male,2020-09-16,,2024-04-04,,False,4
43,sfairey16@comsenz.com,472-856-5757,Female,1958-05-05,,2024-05-17,,True,66
44,sweare17@rambler.ru,695-991-9083,Female,2012-07-26,,2024-05-28,,False,12
46,ogouldstraw19@fc2.com,514-768-1070,Female,2020-08-18,,2024-04-08,,False,4
47,kmacilriach1a@mayoclinic.com,420-307-4528,Male,1991-06-26,,2024-04-30,,False,33
48,jbuglass1b@hc360.com,721-338-5603,Female,1947-07-08,,2024-04-23,,True,77
49,dlogue1c@netscape.com,613-446-8771,Male,1923-05-16,,2024-05-18,,False,101
50,lformigli1d@telegraph.co.uk,129-967-8273,Female,1999-04-17,,2024-06-08,,False,25
51,fpyzer1e@buzzfeed.com,904-936-0723,Male,2023-01-13,,2024-04-06,,True,1
52,dlytton1f@com.com,208-261-6563,Male,2006-02-11,,2024-05-30,,True,18
54,mdrogan1h@telegraph.co.uk,788-500-5701,Female,1984-01-15,,2024-05-27,,True,40
55,gvesty1i@i2i.jp,815-385-2904,Female,1954-10-23,,2024-05-21,,False,70
56,mingman1j@last.fm,165-206-1683,Male,1989-03-14,,2024-05-31,,True,35
57,bdecourcey1k@hibu.com,131-769-8641,Female,2005-04-10,,2024-04-19,,True,19
58,lhillatt1l@furl.net,610-838-0059,Male,1929-04-20,,2024-04-29,,True,95
59,jautin1m@alexa.com,970-497-5381,Male,1983-09-06,,2024-04-06,,True,41
60,pfather1n@flickr.com,884-278-1576,Male,1955-05-01,,2024-06-09,,False,69
61,glecount1o@deliciousdays.com,672-955-6851,Female,1994-07-11,,2024-06-02,,False,30
62,lmazzilli1p@reverbnation.com,952-233-7608,Male,2008-10-02,,2024-04-21,,True,16
64,chillen1r@desdev.cn,726-836-1774,Male,2017-07-11,,2024-05-12,,False,7
65,rbartkiewicz1s@myspace.com,864-887-7648,Female,2023-12-31,,2024-04-10,,False,1
66,lbellchamber1t@youku.com,153-652-2793,Female,2022-08-19,,2024-04-04,,False,2
68,smulford1v@telegraph.co.uk,259-450-3062,Female,2016-06-20,,2024-06-15,,False,8
69,ctunnicliffe1w@cloudflare.com,406-763-8376,Male,2020-03-05,,2024-05-21,,True,4
70,hpresslee1x@tinypic.com,487-212-6744,Male,1936-10-21,,2024-05-08,,False,88
71,gsuggey1y@cdc.gov,173-311-9293,Male,1956-11-23,,2024-06-06,,True,68
72,tsutherden1z@google.cn,260-853-8421,Female,1932-07-02,,2024-05-28,,True,92
74,rcallway21@taobao.com,864-883-2908,Male,2006-06-23,,2024-04-21,,True,18
75,lshawcross22@people.com.cn,668-780-9756,Female,1982-12-04,,2024-04-27,,True,42
76,emitchener23@amazon.co.uk,903-157-0798,Male,1965-10-04,,2024-05-29,,True,59
79,dnolder26@walmart.com,255-656-8474,Male,1995-10-08,,2024-04-12,,False,29
80,bdohmann27@psu.edu,796-489-1661,Female,1944-10-20,,2024-04-26,,True,80
81,ballison28@bbb.org,625-496-5767,Male,1940-11-09,,2024-04-11,,True,84
82,lvanderbeken29@vistaprint.com,630-701-8803,Male,2018-07-22,,2024-06-07,,True,6
85,blongcaster2c@nationalgeographic.com,361-765-6384,Female,2022-08-29,,2024-06-06,,False,2
86,mkissell2d@aol.com,662-526-5706,Female,1995-09-12,,2024-04-03,,False,29
90,mmoriarty2h@redcross.org,234-313-1522,Female,2019-03-22,,2024-04-25,,True,5
92,dnicklin2j@t-online.de,835-382-1368,Male,1969-02-28,,2024-04-23,,False,55
93,hpalethorpe2k@adobe.com,384-991-0827,Female,2008-12-20,,2024-05-08,,False,16
94,wnolin2l@ning.com,628-121-5267,Male,2023-02-05,,2024-06-19,,False,1
95,rdargan2m@devhub.com,368-923-1984,Male,1924-04-15,,2024-06-07,,True,100
97,godams2o@marketwatch.com,792-343-2367,Female,1952-12-27,,2024-05-23,,False,72
98,nhenriques2p@dyndns.org,802-708-8057,Male,2003-06-25,,2024-04-29,,False,21
100,ilodden2r@posterous.com,518-280-7648,Male,1994-07-13,,2024-05-28,,False,30
102,akensit2t@pagesperso-orange.fr,347-428-2823,Male,1921-06-13,,2024-06-20,,False,103
104,kmiddlehurst2v@photobucket.com,879-736-7725,Female,1948-04-17,,2024-06-08,,False,76
105,bhayfield2w@howstuffworks.com,115-427-3643,Female,2001-05-09,,2024-04-24,,False,23
106,twhile2x@about.com,508-703-8130,Female,1987-04-02,,2024-06-06,,False,37
107,dmcelane2y@discovery.com,358-531-2030,Female,1942-04-13,,2024-05-08,,True,82
108,bstill2z@icio.us,623-270-6183,Bigender,1999-08-12,,2024-05-07,,False,25
109,dwainscot30@examiner.com,728-198-9539,Male,1956-08-26,,2024-04-14,,False,68
110,mradolf31@cisco.com,468-814-7346,Female,1961-09-21,,2024-04-30,,True,63
111,roborne32@addthis.com,850-429-5088,Female,1997-07-13,,2024-05-11,,False,27
112,cszymanowicz33@deliciousdays.com,400-209-6744,Male,1954-12-19,,2024-04-17,,False,70
113,jjannings34@myspace.com,731-433-5423,Female,1950-11-24,,2024-06-16,,True,74
114,pgreenhowe35@bbc.co.uk,841-190-8248,Non-binary,1932-02-12,,2024-05-13,,False,92
116,nparadin37@cocolog-nifty.com,645-704-5636,Genderqueer,1966-05-27,,2024-05-29,,True,58
118,bhulance39@prlog.org,786-969-2391,Female,1943-03-31,,2024-06-11,,False,81
120,gocannavan3b@newsvine.com,431-183-2925,Male,1979-02-28,,2024-06-05,,True,45
123,mjandourek3e@e-recht24.de,173-632-4316,Female,1934-01-27,,2024-04-06,,False,90
124,dhasard3f@is.gd,664-879-5316,Male,2004-09-07,,2024-04-17,,False,20
125,gmagner3g@examiner.com,860-703-7289,Male,1989-10-13,,2024-05-29,,False,35
127,gleask3i@noaa.gov,182-435-7832,Male,2000-02-24,,2024-05-10,,False,24
129,wtofpik3k@com.com,375-453-2847,Male,1937-12-21,,2024-06-20,,False,87
132,cferdinand3n@house.gov,293-818-0691,Female,1980-04-19,,2024-05-05,,False,44
133,ksmerdon3o@omniture.com,432-394-6531,Female,1972-02-04,,2024-05-09,,True,52
134,dhallibone3p@tmall.com,408-126-3682,Male,1965-08-11,,2024-06-14,,False,59
135,sstaubyn3q@tiny.cc,501-364-2121,Female,1958-12-02,,2024-05-22,,False,66
136,dlabusquiere3r@alexa.com,651-609-1310,Female,1975-02-13,,2024-05-02,,False,49
137,tlougheid3s@com.com,315-925-3070,Male,1982-10-25,,2024-06-13,,False,42
138,kcuerda3t@imageshack.us,777-972-4372,Male,1958-12-21,,2024-05-18,,True,66
140,awheelwright3v@booking.com,957-121-6338,Female,1981-02-01,,2024-05-10,,False,43
141,esperwell3w@i2i.jp,952-515-8815,Genderqueer,1950-02-16,,2024-05-18,,True,74
142,jhollow3x@google.cn,134-928-8856,Female,1963-04-01,,2024-04-25,,True,61
143,nmalpas3y@wufoo.com,571-128-3008,Male,2000-02-12,,2024-04-25,,False,24
144,acarmel3z@chicagotribune.com,778-782-3678,Female,1954-06-22,,2024-06-03,,False,70
145,epaggitt40@va.gov,645-196-2170,Female,1932-03-04,,2024-04-23,,False,92
146,lheineke41@trellian.com,685-167-1304,Male,1987-05-28,,2024-05-24,,True,37
147,corta42@unc.edu,480-819-2623,Female,1950-05-31,,2024-05-29,,False,74
150,jwoodson45@etsy.com,565-443-0848,Male,1985-09-22,,2024-05-18,,False,39
151,vkaret46@google.com.br,378-848-2182,Male,2004-06-02,,2024-05-12,,False,20
152,dbritt47@domainmarket.com,239-981-7659,Female,1953-03-21,,2024-05-24,,True,71
153,rluberti48@ed.gov,529-993-7353,Female,1936-02-12,,2024-04-02,,True,88
154,wschinetti49@amazon.co.jp,346-691-8919,Male,2004-03-15,,2024-06-20,,False,20
155,ifooter4a@so-net.ne.jp,538-981-7031,Male,1964-04-30,,2024-04-07,,True,60
157,kbrunelleschi4c@yahoo.co.jp,745-773-9654,Male,2004-09-01,,2024-05-29,,False,20
158,blochet4d@earthlink.net,986-863-9371,Male,1984-01-17,,2024-05-18,,True,40
159,aniece4e@marketwatch.com,243-341-2521,Female,1995-03-26,,2024-04-14,,True,29
162,aguirardin4h@bluehost.com,370-863-9049,Male,1992-03-09,,2024-04-07,,True,32
163,fknewstubb4i@zdnet.com,784-155-7515,Bigender,1999-02-09,,2024-06-01,,True,25
164,fhurt4j@cbc.ca,276-279-1342,Male,1959-11-23,,2024-06-18,,False,65
165,tharlowe4k@delicious.com,987-106-6202,Male,1955-04-24,,2024-06-15,,False,69
167,bchin4m@npr.org,813-749-0605,Male,1922-10-11,,2024-05-30,,False,102
168,tballintime4n@cpanel.net,622-601-1601,Female,1958-03-25,,2024-06-02,,True,66
174,thenzley4t@ucsd.edu,827-312-3617,Male,2012-08-11,,2024-05-15,,True,12
178,amaddinon4x@ovh.net,178-853-6038,Male,1939-05-26,,2024-06-15,,False,85
179,rchalke4y@networkadvertising.org,468-674-9726,Female,1935-01-04,,2024-05-18,,False,89
180,ebanghe4z@arstechnica.com,680-778-7747,Male,1975-09-24,,2024-06-19,,False,49
181,jsloat50@rakuten.co.jp,565-726-7124,Female,1983-07-21,,2024-04-20,,False,41
184,cmossman53@dailymotion.com,800-414-2442,Female,1948-07-03,,2024-05-31,,True,76
185,jbasset54@devhub.com,754-753-7743,Female,1934-10-08,,2024-05-16,,False,90
186,rwishkar55@bing.com,505-668-7687,Male,1923-04-23,,2024-06-17,,False,101
187,jlayfield56@github.com,314-767-0196,Female,1967-04-17,,2024-04-10,,False,57
189,bmcvaugh58@comsenz.com,622-466-2473,Male,1921-12-23,,2024-04-14,,True,103
191,rskull5a@edublogs.org,310-100-6016,Male,1962-04-11,,2024-04-06,,False,62
192,abyrkmyr5b@pagesperso-orange.fr,835-821-5695,Female,1924-03-01,,2024-05-20,,True,100
194,dgarthshore5d@blogger.com,516-677-7536,Female,2001-01-21,,2024-05-04,,False,23
195,blambert5e@hibu.com,356-714-5353,Female,1928-01-07,,2024-05-06,,True,96
196,slarne5f@histats.com,158-953-0190,Male,1996-05-12,,2024-04-05,,False,28
197,jdavioud5g@yolasite.com,591-128-5485,Female,1948-04-05,,2024-05-04,,True,76
198,dgascoine5h@huffingtonpost.com,971-752-0987,Male,1924-03-04,,2024-04-13,,True,100
199,wlarne5i@ucoz.com,542-407-8991,Agender,1920-03-03,,2024-05-24,,True,104
200,aworld5j@typepad.com,215-325-3061,Female,1928-04-06,,2024-05-01,,True,96
204,dloveard5n@barnesandnoble.com,661-432-0821,Female,1946-03-23,,2024-05-21,,True,78
205,fhantusch5o@reference.com,932-560-2260,Female,1980-05-11,,2024-04-17,,False,44
206,lmagrannell5p@ucla.edu,275-777-2426,Male,2011-07-30,,2024-04-30,,True,13
207,dcrisford5q@wordpress.com,491-287-7492,Male,2004-05-18,,2024-06-20,,False,20
208,pfrodsam5r@blogger.com,280-398-5314,Male,2010-08-30,,2024-04-26,,False,14
209,cspellessy5s@arizona.edu,636-628-9010,Female,1961-05-28,,2024-05-13,,False,63
210,dmundall5t@plala.or.jp,200-534-5877,Male,1944-06-02,,2024-04-14,,True,80
211,ahaggeth5u@ow.ly,806-333-5313,Male,1921-02-27,,2024-05-28,,True,103
212,rmcdermott5v@cisco.com,306-338-3219,Polygender,1943-04-15,,2024-06-05,,False,81
214,mgladwin5x@ox.ac.uk,623-906-9808,Male,1975-04-11,,2024-04-10,,True,49
215,nmalam5y@yandex.ru,160-920-4685,Female,1995-11-17,,2024-04-23,,True,29
216,abeggan5z@dailymail.co.uk,740-187-8512,Male,2015-04-25,,2024-04-28,,False,9
217,rsarfass60@sphinn.com,202-715-0530,Male,1995-07-06,,2024-04-18,,True,29
218,stilberry61@php.net,168-439-4905,Male,1922-05-04,,2024-04-22,,False,102
219,ahosier62@ftc.gov,942-787-8787,Female,1920-02-02,,2024-04-05,,True,104
220,egalliford63@squidoo.com,249-519-2640,Female,1942-07-10,,2024-05-23,,False,82
221,wsakins64@hugedomains.com,684-761-2826,Male,2007-11-20,,2024-05-30,,True,17
222,dclench65@indiegogo.com,253-390-8456,Female,1926-05-15,,2024-06-10,,True,98
223,cyedy66@slate.com,973-765-4817,Female,1992-07-11,,2024-05-04,,True,32
224,ciglesiaz67@cnet.com,824-530-1949,Female,1957-04-29,,2024-06-03,,False,67
225,voldfield68@intel.com,352-941-9415,Female,1961-11-14,,2024-06-02,,True,63
227,jmicklewicz6a@apple.com,608-118-7195,Female,1964-09-17,,2024-04-04,,False,60
229,scansdall6c@mail.ru,698-955-5926,Male,1955-02-13,,2024-04-07,,True,69
232,glimprecht6f@toplist.cz,504-843-7855,Female,1966-01-21,,2024-05-05,,False,58
233,hscutter6g@blog.com,348-533-0061,Male,1940-04-24,,2024-04-06,,False,84
234,vcavilla6h@omniture.com,811-725-8928,Male,1959-03-31,,2024-05-13,,False,65
236,dworster6j@wikimedia.org,885-747-2722,Female,1929-11-13,,2024-05-08,,True,95
238,eruffell6l@huffingtonpost.com,445-284-0739,Polygender,2002-08-21,,2024-06-10,,True,22
239,mneiland6m@etsy.com,368-612-2001,Male,1980-02-01,,2024-06-03,,False,44
240,phackforth6n@fotki.com,728-237-0313,Female,1956-10-21,,2024-06-05,,False,68
241,brawe6o@angelfire.com,590-896-9583,Female,1971-01-13,,2024-04-15,,True,53
242,fplet6p@xinhuanet.com,464-115-2204,Agender,1984-01-19,,2024-05-22,,False,40
243,rbortolomei6q@exblog.jp,847-576-8990,Male,1937-02-12,,2024-04-06,,True,87
244,dsheber6r@seesaa.net,635-588-0985,Female,2013-07-14,,2024-04-05,,False,11
245,dbundy6s@irs.gov,438-633-3388,Female,2017-07-28,,2024-06-15,,True,7
246,msambells6t@domainmarket.com,581-955-8004,Female,1988-08-17,,2024-05-16,,True,36
248,sjurgensen6v@whitehouse.gov,376-951-9641,Female,1923-05-06,,2024-06-09,,True,101
250,mminshall6x@rediff.com,357-564-5183,Agender,2008-05-15,,2024-04-09,,True,16
253,ahuet70@seattletimes.com,173-218-3681,Female,1939-06-08,,2024-04-14,,True,85
254,jdowns71@weibo.com,473-231-3600,Male,1948-07-02,,2024-05-03,,False,76
256,hallbones73@phoca.cz,522-687-9223,Male,1993-07-24,,2024-04-16,,False,31
257,mlebel74@shareasale.com,229-418-2921,Female,1931-02-20,,2024-05-05,,False,93
258,udrewet75@oaic.gov.au,814-326-8556,Male,1933-09-30,,2024-04-16,,True,91
259,jjanauschek76@usda.gov,668-171-3286,Female,2013-05-31,,2024-04-26,,True,11
260,skiellor77@ycombinator.com,919-460-1808,Female,1922-08-06,,2024-05-16,,False,102
261,bgraeber78@prnewswire.com,359-983-1834,Male,2003-12-14,,2024-04-10,,True,21
262,adielhenn79@dailymotion.com,446-349-3390,Male,1988-06-05,,2024-05-19,,True,36
263,nfrancis7a@prweb.com,519-220-9765,Male,1943-08-13,,2024-05-06,,True,81
264,jrochford7b@bluehost.com,327-713-2378,Female,2014-07-17,,2024-05-26,,False,10
265,akillick7c@github.com,621-619-3798,Female,1942-11-18,,2024-04-23,,False,82
266,sjuan7d@wisc.edu,984-749-7171,Male,2020-07-31,,2024-04-07,,False,4
267,wsherreard7e@theguardian.com,901-745-2369,Male,1944-08-23,,2024-05-03,,True,80
268,amccaughey7f@ed.gov,887-301-7054,Female,2012-08-24,,2024-04-02,,False,12
269,hlumber7g@addtoany.com,940-865-4570,Male,1963-03-25,,2024-04-03,,False,61
270,gmaior7h@icq.com,204-315-5845,Female,1947-02-18,,2024-04-17,,False,77
271,wtoseland7i@about.me,808-915-0549,Male,1958-08-31,,2024-05-24,,True,66
272,mholworth7j@tamu.edu,300-802-2567,Female,1934-11-15,,2024-04-01,,False,90
277,chargess7o@prnewswire.com,543-510-9209,Female,2023-07-13,,2024-05-03,,True,1
279,omeyer7q@reddit.com,688-558-9735,Male,1967-06-25,,2024-05-24,,False,57
280,daubri7r@epa.gov,826-137-9744,Female,1949-08-12,,2024-06-02,,False,75
282,cpaton7t@com.com,936-952-1602,Male,1978-01-30,,2024-04-15,,False,46
285,gragate7w@nydailynews.com,238-627-2148,Male,1972-09-09,,2024-06-12,,False,52
288,nkellington7z@spotify.com,389-992-5191,Male,1982-12-02,,2024-05-30,,True,42
290,jcallcott81@linkedin.com,669-953-8570,Male,1964-10-25,,2024-04-28,,True,60
291,cdavidy82@mashable.com,992-144-3295,Female,1956-07-04,,2024-04-19,,False,68
292,fhutchison83@nymag.com,594-619-8561,Male,2013-04-03,,2024-04-25,,False,11
295,cmudd86@posterous.com,792-992-3359,Female,2015-06-01,,2024-05-21,,True,9
296,gmcgairl87@geocities.com,518-398-2104,Female,1967-03-09,,2024-04-05,,True,57
298,gcounihan89@un.org,699-567-1775,Male,1939-05-18,,2024-05-10,,True,85
300,eranyell8b@cdbaby.com,335-272-9300,Male,1940-10-16,,2024-05-19,,True,84
